run,type,module,name,attrname,attrvalue,vectime,vecvalue
Validation1-0-20221207-22:46:27-45538,runattr,,,configname,Validation1,,
Validation1-0-20221207-22:46:27-45538,runattr,,,datetime,20221207-22:46:27,,
Validation1-0-20221207-22:46:27-45538,runattr,,,datetimef,20221207-224627,,
Validation1-0-20221207-22:46:27-45538,runattr,,,experiment,Validation1,,
Validation1-0-20221207-22:46:27-45538,runattr,,,inifile,../simulations/omnetpp.ini,,
Validation1-0-20221207-22:46:27-45538,runattr,,,iterationvars,,,
Validation1-0-20221207-22:46:27-45538,runattr,,,iterationvarsd,,,
Validation1-0-20221207-22:46:27-45538,runattr,,,iterationvarsf,,,
Validation1-0-20221207-22:46:27-45538,runattr,,,measurement,,,
Validation1-0-20221207-22:46:27-45538,runattr,,,network,OpportunisticCellularNetwork,,
Validation1-0-20221207-22:46:27-45538,runattr,,,processid,45538,,
Validation1-0-20221207-22:46:27-45538,runattr,,,repetition,0,,
Validation1-0-20221207-22:46:27-45538,runattr,,,replication,#0,,
Validation1-0-20221207-22:46:27-45538,runattr,,,resultdir,results,,
Validation1-0-20221207-22:46:27-45538,runattr,,,runnumber,0,,
Validation1-0-20221207-22:46:27-45538,runattr,,,seedset,0,,
Validation1-0-20221207-22:46:27-45538,config,,,**.source[*].rate,37,,
Validation1-0-20221207-22:46:27-45538,config,,,**.population,4,,
Validation1-0-20221207-22:46:27-45538,config,,,**.cellular[0].CQI,7,,
Validation1-0-20221207-22:46:27-45538,config,,,**.cellular[1].CQI,8,,
Validation1-0-20221207-22:46:27-45538,config,,,**.cellular[2].CQI,13,,
Validation1-0-20221207-22:46:27-45538,config,,,**.cellular[3].CQI,14,,
Validation1-0-20221207-22:46:27-45538,config,,,network,OpportunisticCellularNetwork,,
Validation1-0-20221207-22:46:27-45538,config,,,sim-time-limit,3s,,
Validation1-0-20221207-22:46:27-45538,config,,,**.population,4,,
Validation1-0-20221207-22:46:27-45538,config,,,**.antenna.stage,0,,
Validation1-0-20221207-22:46:27-45538,config,,,**.antenna.timeslot,1 ms,,
Validation1-0-20221207-22:46:27-45538,config,,,**.antenna.queueDimension,0,,
Validation1-0-20221207-22:46:27-45538,config,,,**.cellular[*].typeCQI,false,,
Validation1-0-20221207-22:46:27-45538,config,,,**.cellular[*].uniform_r,15,,
Validation1-0-20221207-22:46:27-45538,config,,,num-rngs,3,,
Validation1-0-20221207-22:46:27-45538,config,,,**.cellular[*].rng-0,0,,
Validation1-0-20221207-22:46:27-45538,config,,,**.source[*].rng-0,1,,
Validation1-0-20221207-22:46:27-45538,config,,,** source[*].rng-1,2,,
Validation1-0-20221207-22:46:27-45538,vector,OpportunisticCellularNetwork.cellular[2],userThroughput:vector,,,"0 0.001 0.002 0.003 0.004 0.005 0.006 0.007 0.008 0.009 0.01 0.011 0.012 0.013 0.014 0.015 0.016 0.017 0.018 0.019 0.02 0.021 0.022 0.023 0.024 0.025 0.026 0.027 0.028 0.029 0.03 0.031 0.032 0.033 0.034 0.035 0.036 0.037 0.038 0.039 0.04 0.041 0.042 0.043 0.044 0.045 0.046 0.047 0.048 0.049 0.05 0.051 0.052 0.053 0.054 0.055 0.056 0.057 0.058 0.059 0.06 0.061 0.062 0.063 0.064 0.065 0.066 0.067 0.068 0.069 0.07 0.071 0.072 0.073 0.074 0.075 0.076 0.077 0.078 0.079 0.08 0.081 0.082 0.083 0.084 0.085 0.086 0.087 0.088 0.089 0.09 0.091 0.092 0.093 0.094 0.095 0.096 0.097 0.098 0.099 0.1 0.101 0.102 0.103 0.104 0.105 0.106 0.107 0.108 0.109 0.11 0.111 0.112 0.113 0.114 0.115 0.116 0.117 0.118 0.119 0.12 0.121 0.122 0.123 0.124 0.125 0.126 0.127 0.128 0.129 0.13 0.131 0.132 0.133 0.134 0.135 0.136 0.137 0.138 0.139 0.14 0.141 0.142 0.143 0.144 0.145 0.146 0.147 0.148 0.149 0.15 0.151 0.152 0.153 0.154 0.155 0.156 0.157 0.158 0.159 0.16 0.161 0.162 0.163 0.164 0.165 0.166 0.167 0.168 0.169 0.17 0.171 0.172 0.173 0.174 0.175 0.176 0.177 0.178 0.179 0.18 0.181 0.182 0.183 0.184 0.185 0.186 0.187 0.188 0.189 0.19 0.191 0.192 0.193 0.194 0.195 0.196 0.197 0.198 0.199 0.2 0.201 0.202 0.203 0.204 0.205 0.206 0.207 0.208 0.209 0.21 0.211 0.212 0.213 0.214 0.215 0.216 0.217 0.218 0.219 0.22 0.221 0.222 0.223 0.224 0.225 0.226 0.227 0.228 0.229 0.23 0.231 0.232 0.233 0.234 0.235 0.236 0.237 0.238 0.239 0.24 0.241 0.242 0.243 0.244 0.245 0.246 0.247 0.248 0.249 0.25 0.251 0.252 0.253 0.254 0.255 0.256 0.257 0.258 0.259 0.26 0.261 0.262 0.263 0.264 0.265 0.266 0.267 0.268 0.269 0.27 0.271 0.272 0.273 0.274 0.275 0.276 0.277 0.278 0.279 0.28 0.281 0.282 0.283 0.284 0.285 0.286 0.287 0.288 0.289 0.29 0.291 0.292 0.293 0.294 0.295 0.296 0.297 0.298 0.299 0.3 0.301 0.302 0.303 0.304 0.305 0.306 0.307 0.308 0.309 0.31 0.311 0.312 0.313 0.314 0.315 0.316 0.317 0.318 0.319 0.32 0.321 0.322 0.323 0.324 0.325 0.326 0.327 0.328 0.329 0.33 0.331 0.332 0.333 0.334 0.335 0.336 0.337 0.338 0.339 0.34 0.341 0.342 0.343 0.344 0.345 0.346 0.347 0.348 0.349 0.35 0.351 0.352 0.353 0.354 0.355 0.356 0.357 0.358 0.359 0.36 0.361 0.362 0.363 0.364 0.365 0.366 0.367 0.368 0.369 0.37 0.371 0.372 0.373 0.374 0.375 0.376 0.377 0.378 0.379 0.38 0.381 0.382 0.383 0.384 0.385 0.386 0.387 0.388 0.389 0.39 0.391 0.392 0.393 0.394 0.395 0.396 0.397 0.398 0.399 0.4 0.401 0.402 0.403 0.404 0.405 0.406 0.407 0.408 0.409 0.41 0.411 0.412 0.413 0.414 0.415 0.416 0.417 0.418 0.419 0.42 0.421 0.422 0.423 0.424 0.425 0.426 0.427 0.428 0.429 0.43 0.431 0.432 0.433 0.434 0.435 0.436 0.437 0.438 0.439 0.44 0.441 0.442 0.443 0.444 0.445 0.446 0.447 0.448 0.449 0.45 0.451 0.452 0.453 0.454 0.455 0.456 0.457 0.458 0.459 0.46 0.461 0.462 0.463 0.464 0.465 0.466 0.467 0.468 0.469 0.47 0.471 0.472 0.473 0.474 0.475 0.476 0.477 0.478 0.479 0.48 0.481 0.482 0.483 0.484 0.485 0.486 0.487 0.488 0.489 0.49 0.491 0.492 0.493 0.494 0.495 0.496 0.497 0.498 0.499 0.5 0.501 0.502 0.503 0.504 0.505 0.506 0.507 0.508 0.509 0.51 0.511 0.512 0.513 0.514 0.515 0.516 0.517 0.518 0.519 0.52 0.521 0.522 0.523 0.524 0.525 0.526 0.527 0.528 0.529 0.53 0.531 0.532 0.533 0.534 0.535 0.536 0.537 0.538 0.539 0.54 0.541 0.542 0.543 0.544 0.545 0.546 0.547 0.548 0.549 0.55 0.551 0.552 0.553 0.554 0.555 0.556 0.557 0.558 0.559 0.56 0.561 0.562 0.563 0.564 0.565 0.566 0.567 0.568 0.569 0.57 0.571 0.572 0.573 0.574 0.575 0.576 0.577 0.578 0.579 0.58 0.581 0.582 0.583 0.584 0.585 0.586 0.587 0.588 0.589 0.59 0.591 0.592 0.593 0.594 0.595 0.596 0.597 0.598 0.599 0.6 0.601 0.602 0.603 0.604 0.605 0.606 0.607 0.608 0.609 0.61 0.611 0.612 0.613 0.614 0.615 0.616 0.617 0.618 0.619 0.62 0.621 0.622 0.623 0.624 0.625 0.626 0.627 0.628 0.629 0.63 0.631 0.632 0.633 0.634 0.635 0.636 0.637 0.638 0.639 0.64 0.641 0.642 0.643 0.644 0.645 0.646 0.647 0.648 0.649 0.65 0.651 0.652 0.653 0.654 0.655 0.656 0.657 0.658 0.659 0.66 0.661 0.662 0.663 0.664 0.665 0.666 0.667 0.668 0.669 0.67 0.671 0.672 0.673 0.674 0.675 0.676 0.677 0.678 0.679 0.68 0.681 0.682 0.683 0.684 0.685 0.686 0.687 0.688 0.689 0.69 0.691 0.692 0.693 0.694 0.695 0.696 0.697 0.698 0.699 0.7 0.701 0.702 0.703 0.704 0.705 0.706 0.707 0.708 0.709 0.71 0.711 0.712 0.713 0.714 0.715 0.716 0.717 0.718 0.719 0.72 0.721 0.722 0.723 0.724 0.725 0.726 0.727 0.728 0.729 0.73 0.731 0.732 0.733 0.734 0.735 0.736 0.737 0.738 0.739 0.74 0.741 0.742 0.743 0.744 0.745 0.746 0.747 0.748 0.749 0.75 0.751 0.752 0.753 0.754 0.755 0.756 0.757 0.758 0.759 0.76 0.761 0.762 0.763 0.764 0.765 0.766 0.767 0.768 0.769 0.77 0.771 0.772 0.773 0.774 0.775 0.776 0.777 0.778 0.779 0.78 0.781 0.782 0.783 0.784 0.785 0.786 0.787 0.788 0.789 0.79 0.791 0.792 0.793 0.794 0.795 0.796 0.797 0.798 0.799 0.8 0.801 0.802 0.803 0.804 0.805 0.806 0.807 0.808 0.809 0.81 0.811 0.812 0.813 0.814 0.815 0.816 0.817 0.818 0.819 0.82 0.821 0.822 0.823 0.824 0.825 0.826 0.827 0.828 0.829 0.83 0.831 0.832 0.833 0.834 0.835 0.836 0.837 0.838 0.839 0.84 0.841 0.842 0.843 0.844 0.845 0.846 0.847 0.848 0.849 0.85 0.851 0.852 0.853 0.854 0.855 0.856 0.857 0.858 0.859 0.86 0.861 0.862 0.863 0.864 0.865 0.866 0.867 0.868 0.869 0.87 0.871 0.872 0.873 0.874 0.875 0.876 0.877 0.878 0.879 0.88 0.881 0.882 0.883 0.884 0.885 0.886 0.887 0.888 0.889 0.89 0.891 0.892 0.893 0.894 0.895 0.896 0.897 0.898 0.899 0.9 0.901 0.902 0.903 0.904 0.905 0.906 0.907 0.908 0.909 0.91 0.911 0.912 0.913 0.914 0.915 0.916 0.917 0.918 0.919 0.92 0.921 0.922 0.923 0.924 0.925 0.926 0.927 0.928 0.929 0.93 0.931 0.932 0.933 0.934 0.935 0.936 0.937 0.938 0.939 0.94 0.941 0.942 0.943 0.944 0.945 0.946 0.947 0.948 0.949 0.95 0.951 0.952 0.953 0.954 0.955 0.956 0.957 0.958 0.959 0.96 0.961 0.962 0.963 0.964 0.965 0.966 0.967 0.968 0.969 0.97 0.971 0.972 0.973 0.974 0.975 0.976 0.977 0.978 0.979 0.98 0.981 0.982 0.983 0.984 0.985 0.986 0.987 0.988 0.989 0.99 0.991 0.992 0.993 0.994 0.995 0.996 0.997 0.998 0.999 1 1.001 1.002 1.003 1.004 1.005 1.006 1.007 1.008 1.009 1.01 1.011 1.012 1.013 1.014 1.015 1.016 1.017 1.018 1.019 1.02 1.021 1.022 1.023 1.024 1.025 1.026 1.027 1.028 1.029 1.03 1.031 1.032 1.033 1.034 1.035 1.036 1.037 1.038 1.039 1.04 1.041 1.042 1.043 1.044 1.045 1.046 1.047 1.048 1.049 1.05 1.051 1.052 1.053 1.054 1.055 1.056 1.057 1.058 1.059 1.06 1.061 1.062 1.063 1.064 1.065 1.066 1.067 1.068 1.069 1.07 1.071 1.072 1.073 1.074 1.075 1.076 1.077 1.078 1.079 1.08 1.081 1.082 1.083 1.084 1.085 1.086 1.087 1.088 1.089 1.09 1.091 1.092 1.093 1.094 1.095 1.096 1.097 1.098 1.099 1.1 1.101 1.102 1.103 1.104 1.105 1.106 1.107 1.108 1.109 1.11 1.111 1.112 1.113 1.114 1.115 1.116 1.117 1.118 1.119 1.12 1.121 1.122 1.123 1.124 1.125 1.126 1.127 1.128 1.129 1.13 1.131 1.132 1.133 1.134 1.135 1.136 1.137 1.138 1.139 1.14 1.141 1.142 1.143 1.144 1.145 1.146 1.147 1.148 1.149 1.15 1.151 1.152 1.153 1.154 1.155 1.156 1.157 1.158 1.159 1.16 1.161 1.162 1.163 1.164 1.165 1.166 1.167 1.168 1.169 1.17 1.171 1.172 1.173 1.174 1.175 1.176 1.177 1.178 1.179 1.18 1.181 1.182 1.183 1.184 1.185 1.186 1.187 1.188 1.189 1.19 1.191 1.192 1.193 1.194 1.195 1.196 1.197 1.198 1.199 1.2 1.201 1.202 1.203 1.204 1.205 1.206 1.207 1.208 1.209 1.21 1.211 1.212 1.213 1.214 1.215 1.216 1.217 1.218 1.219 1.22 1.221 1.222 1.223 1.224 1.225 1.226 1.227 1.228 1.229 1.23 1.231 1.232 1.233 1.234 1.235 1.236 1.237 1.238 1.239 1.24 1.241 1.242 1.243 1.244 1.245 1.246 1.247 1.248 1.249 1.25 1.251 1.252 1.253 1.254 1.255 1.256 1.257 1.258 1.259 1.26 1.261 1.262 1.263 1.264 1.265 1.266 1.267 1.268 1.269 1.27 1.271 1.272 1.273 1.274 1.275 1.276 1.277 1.278 1.279 1.28 1.281 1.282 1.283 1.284 1.285 1.286 1.287 1.288 1.289 1.29 1.291 1.292 1.293 1.294 1.295 1.296 1.297 1.298 1.299 1.3 1.301 1.302 1.303 1.304 1.305 1.306 1.307 1.308 1.309 1.31 1.311 1.312 1.313 1.314 1.315 1.316 1.317 1.318 1.319 1.32 1.321 1.322 1.323 1.324 1.325 1.326 1.327 1.328 1.329 1.33 1.331 1.332 1.333 1.334 1.335 1.336 1.337 1.338 1.339 1.34 1.341 1.342 1.343 1.344 1.345 1.346 1.347 1.348 1.349 1.35 1.351 1.352 1.353 1.354 1.355 1.356 1.357 1.358 1.359 1.36 1.361 1.362 1.363 1.364 1.365 1.366 1.367 1.368 1.369 1.37 1.371 1.372 1.373 1.374 1.375 1.376 1.377 1.378 1.379 1.38 1.381 1.382 1.383 1.384 1.385 1.386 1.387 1.388 1.389 1.39 1.391 1.392 1.393 1.394 1.395 1.396 1.397 1.398 1.399 1.4 1.401 1.402 1.403 1.404 1.405 1.406 1.407 1.408 1.409 1.41 1.411 1.412 1.413 1.414 1.415 1.416 1.417 1.418 1.419 1.42 1.421 1.422 1.423 1.424 1.425 1.426 1.427 1.428 1.429 1.43 1.431 1.432 1.433 1.434 1.435 1.436 1.437 1.438 1.439 1.44 1.441 1.442 1.443 1.444 1.445 1.446 1.447 1.448 1.449 1.45 1.451 1.452 1.453 1.454 1.455 1.456 1.457 1.458 1.459 1.46 1.461 1.462 1.463 1.464 1.465 1.466 1.467 1.468 1.469 1.47 1.471 1.472 1.473 1.474 1.475 1.476 1.477 1.478 1.479 1.48 1.481 1.482 1.483 1.484 1.485 1.486 1.487 1.488 1.489 1.49 1.491 1.492 1.493 1.494 1.495 1.496 1.497 1.498 1.499 1.5 1.501 1.502 1.503 1.504 1.505 1.506 1.507 1.508 1.509 1.51 1.511 1.512 1.513 1.514 1.515 1.516 1.517 1.518 1.519 1.52 1.521 1.522 1.523 1.524 1.525 1.526 1.527 1.528 1.529 1.53 1.531 1.532 1.533 1.534 1.535 1.536 1.537 1.538 1.539 1.54 1.541 1.542 1.543 1.544 1.545 1.546 1.547 1.548 1.549 1.55 1.551 1.552 1.553 1.554 1.555 1.556 1.557 1.558 1.559 1.56 1.561 1.562 1.563 1.564 1.565 1.566 1.567 1.568 1.569 1.57 1.571 1.572 1.573 1.574 1.575 1.576 1.577 1.578 1.579 1.58 1.581 1.582 1.583 1.584 1.585 1.586 1.587 1.588 1.589 1.59 1.591 1.592 1.593 1.594 1.595 1.596 1.597 1.598 1.599 1.6 1.601 1.602 1.603 1.604 1.605 1.606 1.607 1.608 1.609 1.61 1.611 1.612 1.613 1.614 1.615 1.616 1.617 1.618 1.619 1.62 1.621 1.622 1.623 1.624 1.625 1.626 1.627 1.628 1.629 1.63 1.631 1.632 1.633 1.634 1.635 1.636 1.637 1.638 1.639 1.64 1.641 1.642 1.643 1.644 1.645 1.646 1.647 1.648 1.649 1.65 1.651 1.652 1.653 1.654 1.655 1.656 1.657 1.658 1.659 1.66 1.661 1.662 1.663 1.664 1.665 1.666 1.667 1.668 1.669 1.67 1.671 1.672 1.673 1.674 1.675 1.676 1.677 1.678 1.679 1.68 1.681 1.682 1.683 1.684 1.685 1.686 1.687 1.688 1.689 1.69 1.691 1.692 1.693 1.694 1.695 1.696 1.697 1.698 1.699 1.7 1.701 1.702 1.703 1.704 1.705 1.706 1.707 1.708 1.709 1.71 1.711 1.712 1.713 1.714 1.715 1.716 1.717 1.718 1.719 1.72 1.721 1.722 1.723 1.724 1.725 1.726 1.727 1.728 1.729 1.73 1.731 1.732 1.733 1.734 1.735 1.736 1.737 1.738 1.739 1.74 1.741 1.742 1.743 1.744 1.745 1.746 1.747 1.748 1.749 1.75 1.751 1.752 1.753 1.754 1.755 1.756 1.757 1.758 1.759 1.76 1.761 1.762 1.763 1.764 1.765 1.766 1.767 1.768 1.769 1.77 1.771 1.772 1.773 1.774 1.775 1.776 1.777 1.778 1.779 1.78 1.781 1.782 1.783 1.784 1.785 1.786 1.787 1.788 1.789 1.79 1.791 1.792 1.793 1.794 1.795 1.796 1.797 1.798 1.799 1.8 1.801 1.802 1.803 1.804 1.805 1.806 1.807 1.808 1.809 1.81 1.811 1.812 1.813 1.814 1.815 1.816 1.817 1.818 1.819 1.82 1.821 1.822 1.823 1.824 1.825 1.826 1.827 1.828 1.829 1.83 1.831 1.832 1.833 1.834 1.835 1.836 1.837 1.838 1.839 1.84 1.841 1.842 1.843 1.844 1.845 1.846 1.847 1.848 1.849 1.85 1.851 1.852 1.853 1.854 1.855 1.856 1.857 1.858 1.859 1.86 1.861 1.862 1.863 1.864 1.865 1.866 1.867 1.868 1.869 1.87 1.871 1.872 1.873 1.874 1.875 1.876 1.877 1.878 1.879 1.88 1.881 1.882 1.883 1.884 1.885 1.886 1.887 1.888 1.889 1.89 1.891 1.892 1.893 1.894 1.895 1.896 1.897 1.898 1.899 1.9 1.901 1.902 1.903 1.904 1.905 1.906 1.907 1.908 1.909 1.91 1.911 1.912 1.913 1.914 1.915 1.916 1.917 1.918 1.919 1.92 1.921 1.922 1.923 1.924 1.925 1.926 1.927 1.928 1.929 1.93 1.931 1.932 1.933 1.934 1.935 1.936 1.937 1.938 1.939 1.94 1.941 1.942 1.943 1.944 1.945 1.946 1.947 1.948 1.949 1.95 1.951 1.952 1.953 1.954 1.955 1.956 1.957 1.958 1.959 1.96 1.961 1.962 1.963 1.964 1.965 1.966 1.967 1.968 1.969 1.97 1.971 1.972 1.973 1.974 1.975 1.976 1.977 1.978 1.979 1.98 1.981 1.982 1.983 1.984 1.985 1.986 1.987 1.988 1.989 1.99 1.991 1.992 1.993 1.994 1.995 1.996 1.997 1.998 1.999 2 2.001 2.002 2.003 2.004 2.005 2.006 2.007 2.008 2.009 2.01 2.011 2.012 2.013 2.014 2.015 2.016 2.017 2.018 2.019 2.02 2.021 2.022 2.023 2.024 2.025 2.026 2.027 2.028 2.029 2.03 2.031 2.032 2.033 2.034 2.035 2.036 2.037 2.038 2.039 2.04 2.041 2.042 2.043 2.044 2.045 2.046 2.047 2.048 2.049 2.05 2.051 2.052 2.053 2.054 2.055 2.056 2.057 2.058 2.059 2.06 2.061 2.062 2.063 2.064 2.065 2.066 2.067 2.068 2.069 2.07 2.071 2.072 2.073 2.074 2.075 2.076 2.077 2.078 2.079 2.08 2.081 2.082 2.083 2.084 2.085 2.086 2.087 2.088 2.089 2.09 2.091 2.092 2.093 2.094 2.095 2.096 2.097 2.098 2.099 2.1 2.101 2.102 2.103 2.104 2.105 2.106 2.107 2.108 2.109 2.11 2.111 2.112 2.113 2.114 2.115 2.116 2.117 2.118 2.119 2.12 2.121 2.122 2.123 2.124 2.125 2.126 2.127 2.128 2.129 2.13 2.131 2.132 2.133 2.134 2.135 2.136 2.137 2.138 2.139 2.14 2.141 2.142 2.143 2.144 2.145 2.146 2.147 2.148 2.149 2.15 2.151 2.152 2.153 2.154 2.155 2.156 2.157 2.158 2.159 2.16 2.161 2.162 2.163 2.164 2.165 2.166 2.167 2.168 2.169 2.17 2.171 2.172 2.173 2.174 2.175 2.176 2.177 2.178 2.179 2.18 2.181 2.182 2.183 2.184 2.185 2.186 2.187 2.188 2.189 2.19 2.191 2.192 2.193 2.194 2.195 2.196 2.197 2.198 2.199 2.2 2.201 2.202 2.203 2.204 2.205 2.206 2.207 2.208 2.209 2.21 2.211 2.212 2.213 2.214 2.215 2.216 2.217 2.218 2.219 2.22 2.221 2.222 2.223 2.224 2.225 2.226 2.227 2.228 2.229 2.23 2.231 2.232 2.233 2.234 2.235 2.236 2.237 2.238 2.239 2.24 2.241 2.242 2.243 2.244 2.245 2.246 2.247 2.248 2.249 2.25 2.251 2.252 2.253 2.254 2.255 2.256 2.257 2.258 2.259 2.26 2.261 2.262 2.263 2.264 2.265 2.266 2.267 2.268 2.269 2.27 2.271 2.272 2.273 2.274 2.275 2.276 2.277 2.278 2.279 2.28 2.281 2.282 2.283 2.284 2.285 2.286 2.287 2.288 2.289 2.29 2.291 2.292 2.293 2.294 2.295 2.296 2.297 2.298 2.299 2.3 2.301 2.302 2.303 2.304 2.305 2.306 2.307 2.308 2.309 2.31 2.311 2.312 2.313 2.314 2.315 2.316 2.317 2.318 2.319 2.32 2.321 2.322 2.323 2.324 2.325 2.326 2.327 2.328 2.329 2.33 2.331 2.332 2.333 2.334 2.335 2.336 2.337 2.338 2.339 2.34 2.341 2.342 2.343 2.344 2.345 2.346 2.347 2.348 2.349 2.35 2.351 2.352 2.353 2.354 2.355 2.356 2.357 2.358 2.359 2.36 2.361 2.362 2.363 2.364 2.365 2.366 2.367 2.368 2.369 2.37 2.371 2.372 2.373 2.374 2.375 2.376 2.377 2.378 2.379 2.38 2.381 2.382 2.383 2.384 2.385 2.386 2.387 2.388 2.389 2.39 2.391 2.392 2.393 2.394 2.395 2.396 2.397 2.398 2.399 2.4 2.401 2.402 2.403 2.404 2.405 2.406 2.407 2.408 2.409 2.41 2.411 2.412 2.413 2.414 2.415 2.416 2.417 2.418 2.419 2.42 2.421 2.422 2.423 2.424 2.425 2.426 2.427 2.428 2.429 2.43 2.431 2.432 2.433 2.434 2.435 2.436 2.437 2.438 2.439 2.44 2.441 2.442 2.443 2.444 2.445 2.446 2.447 2.448 2.449 2.45 2.451 2.452 2.453 2.454 2.455 2.456 2.457 2.458 2.459 2.46 2.461 2.462 2.463 2.464 2.465 2.466 2.467 2.468 2.469 2.47 2.471 2.472 2.473 2.474 2.475 2.476 2.477 2.478 2.479 2.48 2.481 2.482 2.483 2.484 2.485 2.486 2.487 2.488 2.489 2.49 2.491 2.492 2.493 2.494 2.495 2.496 2.497 2.498 2.499 2.5 2.501 2.502 2.503 2.504 2.505 2.506 2.507 2.508 2.509 2.51 2.511 2.512 2.513 2.514 2.515 2.516 2.517 2.518 2.519 2.52 2.521 2.522 2.523 2.524 2.525 2.526 2.527 2.528 2.529 2.53 2.531 2.532 2.533 2.534 2.535 2.536 2.537 2.538 2.539 2.54 2.541 2.542 2.543 2.544 2.545 2.546 2.547 2.548 2.549 2.55 2.551 2.552 2.553 2.554 2.555 2.556 2.557 2.558 2.559 2.56 2.561 2.562 2.563 2.564 2.565 2.566 2.567 2.568 2.569 2.57 2.571 2.572 2.573 2.574 2.575 2.576 2.577 2.578 2.579 2.58 2.581 2.582 2.583 2.584 2.585 2.586 2.587 2.588 2.589 2.59 2.591 2.592 2.593 2.594 2.595 2.596 2.597 2.598 2.599 2.6 2.601 2.602 2.603 2.604 2.605 2.606 2.607 2.608 2.609 2.61 2.611 2.612 2.613 2.614 2.615 2.616 2.617 2.618 2.619 2.62 2.621 2.622 2.623 2.624 2.625 2.626 2.627 2.628 2.629 2.63 2.631 2.632 2.633 2.634 2.635 2.636 2.637 2.638 2.639 2.64 2.641 2.642 2.643 2.644 2.645 2.646 2.647 2.648 2.649 2.65 2.651 2.652 2.653 2.654 2.655 2.656 2.657 2.658 2.659 2.66 2.661 2.662 2.663 2.664 2.665 2.666 2.667 2.668 2.669 2.67 2.671 2.672 2.673 2.674 2.675 2.676 2.677 2.678 2.679 2.68 2.681 2.682 2.683 2.684 2.685 2.686 2.687 2.688 2.689 2.69 2.691 2.692 2.693 2.694 2.695 2.696 2.697 2.698 2.699 2.7 2.701 2.702 2.703 2.704 2.705 2.706 2.707 2.708 2.709 2.71 2.711 2.712 2.713 2.714 2.715 2.716 2.717 2.718 2.719 2.72 2.721 2.722 2.723 2.724 2.725 2.726 2.727 2.728 2.729 2.73 2.731 2.732 2.733 2.734 2.735 2.736 2.737 2.738 2.739 2.74 2.741 2.742 2.743 2.744 2.745 2.746 2.747 2.748 2.749 2.75 2.751 2.752 2.753 2.754 2.755 2.756 2.757 2.758 2.759 2.76 2.761 2.762 2.763 2.764 2.765 2.766 2.767 2.768 2.769 2.77 2.771 2.772 2.773 2.774 2.775 2.776 2.777 2.778 2.779 2.78 2.781 2.782 2.783 2.784 2.785 2.786 2.787 2.788 2.789 2.79 2.791 2.792 2.793 2.794 2.795 2.796 2.797 2.798 2.799 2.8 2.801 2.802 2.803 2.804 2.805 2.806 2.807 2.808 2.809 2.81 2.811 2.812 2.813 2.814 2.815 2.816 2.817 2.818 2.819 2.82 2.821 2.822 2.823 2.824 2.825 2.826 2.827 2.828 2.829 2.83 2.831 2.832 2.833 2.834 2.835 2.836 2.837 2.838 2.839 2.84 2.841 2.842 2.843 2.844 2.845 2.846 2.847 2.848 2.849 2.85 2.851 2.852 2.853 2.854 2.855 2.856 2.857 2.858 2.859 2.86 2.861 2.862 2.863 2.864 2.865 2.866 2.867 2.868 2.869 2.87 2.871 2.872 2.873 2.874 2.875 2.876 2.877 2.878 2.879 2.88 2.881 2.882 2.883 2.884 2.885 2.886 2.887 2.888 2.889 2.89 2.891 2.892 2.893 2.894 2.895 2.896 2.897 2.898 2.899 2.9 2.901 2.902 2.903 2.904 2.905 2.906 2.907 2.908 2.909 2.91 2.911 2.912 2.913 2.914 2.915 2.916 2.917 2.918 2.919 2.92 2.921 2.922 2.923 2.924 2.925 2.926 2.927 2.928 2.929 2.93 2.931 2.932 2.933 2.934 2.935 2.936 2.937 2.938 2.939 2.94 2.941 2.942 2.943 2.944 2.945 2.946 2.947 2.948 2.949 2.95 2.951 2.952 2.953 2.954 2.955 2.956 2.957 2.958 2.959 2.96 2.961 2.962 2.963 2.964 2.965 2.966 2.967 2.968 2.969 2.97 2.971 2.972 2.973 2.974 2.975 2.976 2.977 2.978 2.979 2.98 2.981 2.982 2.983 2.984 2.985 2.986 2.987 2.988 2.989 2.99 2.991 2.992 2.993 2.994 2.995 2.996 2.997 2.998 2.999 3","0 981 795 863 636 703 1010 959 980 633 677 779 858 946 638 875 304 1008 847 600 659 682 691 972 543 690 620 768 787 939 854 595 606 620 695 682 606 894 736 547 853 791 936 780 687 796 866 794 1022 626 777 637 606 683 515 680 792 766 796 418 685 792 668 701 626 795 871 1035 547 799 710 523 710 848 597 504 795 944 458 753 635 758 700 714 797 1118 845 788 440 584 757 672 424 850 693 638 834 551 869 849 680 466 939 796 957 632 790 683 938 620 769 708 772 683 649 710 707 747 757 776 767 638 875 547 628 1099 298 932 866 949 632 780 579 714 907 850 595 955 845 792 634 656 690 639 670 948 834 468 496 620 679 676 1031 466 955 843 720 926 774 634 683 929 945 764 519 685 834 790 629 1016 315 869 627 705 606 697 797 908 760 956 696 880 720 847 863 686 875 839 704 457 627 850 866 710 790 750 607 777 693 869 475 790 784 602 938 446 1009 854 472 1089 438 670 745 626 455 843 911 472 943 586 875 696 775 666 710 779 701 1199 538 626 877 955 364 715 876 701 707 1016 800 599 627 918 813 533 472 767 944 664 601 658 787 787 756 692 637 842 864 639 621 949 703 466 844 780 697 878 400 920 829 695 720 866 559 687 869 779 638 526 771 558 960 719 129 709 683 769 936 1160 454 471 519 784 626 560 942 660 839 958 695 938 719 905 548 877 679 713 957 583 684 626 718 875 847 764 518 848 1069 441 685 792 480 717 675 595 538 514 876 667 691 921 436 749 997 869 456 945 764 855 574 765 843 960 762 877 621 543 716 609 712 873 664 987 682 683 550 605 774 716 1061 863 533 536 708 607 788 1037 946 871 536 715 667 550 869 625 621 598 784 757 635 917 399 943 799 594 692 864 797 795 638 919 592 605 761 590 945 471 588 521 770 602 1113 348 795 702 673 710 750 797 1027 467 681 605 786 391 951 606 669 879 1021 602 775 436 1010 670 1026 777 693 858 678 779 676 490 752 703 1100 545 676 665 701 794 551 775 693 364 771 877 1035 625 775 546 624 879 864 516 950 698 611 620 958 793 763 677 720 606 705 794 702 921 960 475 777 688 549 867 692 521 816 959 868 694 720 632 670 679 782 547 833 690 557 602 851 546 852 394 603 679 691 547 782 558 738 874 751 688 960 473 706 768 549 453 953 477 613 540 606 786 1055 546 841 514 837 839 699 874 450 549 707 935 769 617 1037 843 930 587 791 500 1029 716 766 681 848 523 875 773 540 660 789 589 828 548 1003 601 685 790 826 842 539 794 581 633 669 797 978 464 719 1005 634 381 926 614 872 696 876 874 479 453 711 706 560 774 848 436 753 1081 375 505 877 603 636 867 465 714 516 695 717 835 820 613 844 715 1109 508 713 1021 510 788 676 689 571 792 821 762 796 491 750 758 629 703 793 555 637 781 760 830 578 662 618 672 947 474 593 619 621 767 594 675 830 715 608 854 559 933 586 545 793 832 474 779 799 560 945 778 781 696 860 537 762 859 595 598 684 959 389 907 337 846 767 469 1032 795 623 847 369 799 758 689 687 627 660 793 789 557 539 704 714 852 670 593 871 984 689 823 625 844 714 839 880 612 515 900 1089 525 770 548 1068 240 615 1039 770 689 664 1037 372 797 894 777 743 547 692 870 697 833 631 858 549 786 684 610 510 799 954 719 691 540 705 938 781 556 995 638 297 880 549 716 788 847 793 599 737 713 629 671 799 742 928 625 848 518 861 479 749 787 666 869 671 856 556 789 716 782 865 751 855 631 445 771 716 754 793 541 598 734 860 611 289 854 797 777 708 782 631 691 753 820 779 520 626 878 742 683 560 829 700 664 782 622 847 758 656 862 612 754 927 711 933 906 799 1185 462 438 630 899 520 926 594 682 391 855 600 791 983 923 560 767 630 639 695 499 443 773 777 539 696 957 519 720 588 631 687 934 787 455 1002 768 543 708 942 475 588 588 700 769 693 784 850 452 851 677 744 594 857 864 714 866 872 944 443 540 590 592 792 715 735 626 934 867 787 780 832 669 688 606 704 860 753 711 773 960 785 812 622 868 637 822 694 480 549 601 879 786 770 951 871 857 717 903 739 525 853 670 620 720 1112 393 862 773 862 465 868 720 598 776 1021 775 382 595 517 931 927 708 697 718 736 618 632 958 624 687 742 697 580 691 732 282 838 680 679 705 837 705 958 520 682 621 947 630 830 533 606 557 678 795 910 576 923 796 653 731 793 762 983 538 880 717 1022 584 693 1037 479 717 863 720 693 675 703 632 839 714 631 845 589 500 1035 910 388 931 554 1029 548 1027 610 1180 689 470 696 490 603 832 690 536 705 823 774 786 911 867 551 866 655 764 922 947 773 524 937 431 876 636 1084 856 691 671 869 750 608 1096 866 464 1040 632 611 812 1023 378 635 1190 759 579 621 528 855 636 792 368 711 639 741 450 1113 354 543 863 797 866 605 757 1028 604 790 583 778 937 678 877 944 528 754 363 624 960 711 856 799 708 758 712 790 452 861 923 715 959 621 744 278 541 926 793 629 825 567 710 377 763 944 768 1199 433 764 709 696 781 590 991 370 947 397 873 592 592 459 712 1039 701 682 931 600 873 871 773 399 749 775 537 635 689 876 633 443 815 795 717 720 623 689 626 676 656 456 860 934 550 521 880 938 630 856 959 705 774 756 746 554 557 943 616 1025 880 498 559 867 796 792 781 794 991 781 545 623 720 855 768 854 849 457 869 594 557 1002 459 688 873 1028 686 1029 781 757 590 876 387 697 684 556 678 524 764 574 673 682 797 699 798 680 751 792 792 548 787 840 761 584 776 585 766 940 638 848 611 957 797 701 543 450 940 551 1082 797 854 799 864 707 623 939 599 959 782 452 700 552 798 956 536 878 915 557 905 926 546 783 554 688 955 617 956 706 838 774 655 690 839 1131 399 918 622 1189 782 477 841 452 1010 598 687 741 793 654 936 692 714 691 627 716 854 706 717 773 634 707 833 871 628 610 633 623 936 794 823 622 434 950 853 542 619 927 788 938 386 685 934 835 904 629 953 850 794 345 931 764 747 688 836 760 545 852 796 822 705 879 952 638 777 759 699 709 956 773 872 630 1200 855 515 607 854 586 706 783 1119 399 762 754 622 956 597 717 754 597 615 855 524 686 773 720 752 461 793 912 798 391 914 592 586 791 612 867 710 601 461 841 880 626 849 588 638 463 550 944 764 812 874 847 799 388 667 698 683 845 545 1156 787 681 766 996 474 870 753 440 717 676 1064 687 684 800 933 716 684 590 797 701 627 870 1280 552 865 611 854 463 789 776 637 670 777 655 757 632 598 753 931 639 379 730 528 936 556 750 870 711 784 713 1029 533 779 773 696 990 399 909 798 460 687 758 857 777 616 560 765 868 609 868 606 693 717 529 795 1011 720 455 872 608 473 661 878 635 821 385 1015 713 788 719 680 540 712 863 441 679 975 1053 757 633 849 928 788 820 710 584 880 719 715 874 829 468 790 848 614 674 1017 832 547 868 318 814 838 701 857 937 865 701 780 872 781 767 702 530 868 696 847 715 441 995 870 798 789 626 588 707 474 936 852 943 639 797 781 713 769 983 668 860 696 626 780 946 629 930 875 863 463 395 769 759 671 436 846 621 1000 390 1039 520 858 925 449 833 783 823 791 880 907 554 1016 444 865 640 866 767 691 476 959 1039 604 683 638 854 869 868 710 877 996 797 614 875 767 604 934 877 682 873 778 840 705 769 763 867 453 756 817 772 463 590 870 751 631 753 702 1030 621 468 769 611 384 501 620 597 856 701 926 365 478 792 368 706 753 713 455 1147 495 785 878 701 711 891 278 717 904 939 557 742 608 782 683 800 702 788 789 758 1022 717 720 686 500 631 850 715 769 591 609 864 705 697 742 375 640 665 598 1037 346 640 533 894 697 862 863 585 631 638 777 768 946 798 779 696 943 712 874 640 850 797 774 797 703 661 755 526 871 693 517 826 960 558 921 604 764 780 760 747 425 605 595 861 705 388 932 780 558 859 832 347 797 550 1034 871 392 690 374 676 797 940 599 716 858 626 672 627 787 544 674 683 601 796 606 1018 701 788 831 736 673 688 918 838 531 935 844 525 550 830 791 831 1005 761 697 635 1037 634 553 710 627 585 771 445 719 633 714 710 772 695 863 787 954 947 41 958 947 638 687 952 542 852 790 858 693 524 1094 994 923 792 835 786 794 871 540 1094 551 1037 424 749 628 791 688 797 763 672 944 455 874 704 862 943 607 629 633 788 1027 637 680 609 785 863 792 772 513 657 699 596 927 367 872 776 701 932 780 506 717 1012 545 612 527 1117 779 532 847 450 696 909 947 638 451 940 596 840 546 945 657 796 597 675 682 629 477 856 282 785 1112 544 556 461 791 616 1008 766 607 953 766 470 503 704 691 880 720 635 781 700 769 720 524 714 916 710 842 739 1106 414 473 755 755 828 832 866 473 760 689 904 827 719 589 760 537 775 610 913 880 784 712 999 928 706 557 959 784 521 630 702 696 797 1039 869 598 831 705 891 779 762 719 840 606 539 1028 714 1013 680 1145 433 834 707 597 638 761 683 880 660 714 942 790 764 863 839 546 880 776 699 662 615 616 1024 696 508 474 685 630 622 826 509 951 697 657 707 789 616 583 540 761 595 639 838 847 800 550 684 523 548 681 782 871 1088 359 693 714 357 872 600 859 788 479 782 783 712 844 693 712 711 879 932 505 675 640 388 756 531 1113 557 709 632 853 523 863 799 352 797 847 543 928 1106 639 620 737 776 637 626 861 556 681 615 940 475 794 665 670 796 595 799 466 698 1085 553 822 879 462 940 708 744 616 497 749 463 766 959 781 787 797 546 555 866 589 790 658 941 623 694 800 701 876 393 985 709 699 912 628 629 600 874 348 745 633 720 779 510 792 747 663 1110 715 692 552 826 696 1015 541 780 516 550 536 683 879 906 637 852 880 864 799 635 857 790 469 734 633 700 800 781 687 748 953 655 766 859 551 841 693 763 940 652 749 465 679 303 815 617 621 742 718 673 846 697 1010 535 768 900 534 613 784 695 681 953 863 714 875 606 781 850 863 501 596 790 467 637 540 615 384 855 820 677 704 678 590 704 1032 532 540 752 756 786 632 454 1082 390 836 451 633 874 696 636 464 799 762 549 500 798 835 593 583 688 870 593 700 880 535 678 877 777 677 809 546 951 449 774 780 540 927 816 778 733 595 638 767 958 586 587 797 800 523 929 778 703 528 583 849 768 779 613 702 796 959 471 944 455 765 460 612 873 716 688 690 634 763 994 384 959 474 832 690 623 545 749 933 464 757 711 691 425 776 704 470 685 694 623 780 612 591 800 825 764 447 713 955 526 626 699 791 632 770 268 752 1193 395 705 764 951 362 684 867 617 871 624 581 911 499 762 597 705 734 715 685 683 632 774 543 499 1012 706 856 583 993 611 792 786 719 626 1174 615 707 689 717 715 960 512 915 766 709 756 629 1028 300 836 713 377 907 449 857 620 946 447 868 782 629 443 955 777 456 764 676 621 791 918 766 678 661 937 505 872 455 677 782 737 680 785 497 717 848 719 511 706 1011 773 598 717 520 700 913 809 798 356 691 435 769 832 558 661 1034 695 782 945 523 794 793 841 634 1117 604 694 773 616 640 936 787 616 610 577 777 543 630 930 631 781 579 575 615 771 635 782 518 951 957 639 915 398 1113 108 1033 928 698 607 505 620 846 602 704 789 558 864 941 499 698 854 548 1107 836 711 1040 528 763 955 713 858 877 776 556 681 622 612 716 626 794 603 713 610 522 931 615 756 640 636 617 632 829 714 589 864 994 600 942 474 622 837 629 840 943 774 464 909 686 533 509 544 798 661 799 799 687 710 460 779 714 715 910 720 959 839 713 594 794 463 606 732 583 762 850 710 823 640 669 697 611 768 638 682 947 797 708 634 955 631 788 778 636 845 663 461 1106 757 390 763 701 878 690 948 625 847 528 531 792 705 798 944 572 610 1019 785 320 932 768 713 906 583 691 718 703 769 718 837 670 607 542 867 816 773 848 929 635 600 587 931 699 772 528 739 501 772 948 467 449 552 865 638 852 713 497 715 939 303 767 477 952 369 513 495 820 556 800 592 594 823 870 551 597 545 716 714 919 762 517 951 436 638 617 775 1105 692 507 894 695 680 1027 907 539 1001 982 541 686 519 774 796 779 743 637 934 625 619 852 864 877 440 831 859 760 688 688 745 866 542 793 788 821 717 663 794 543 717 622 792 864 786 505 778 1010 545 788 670 819 399 781 618 948 526 786 780 788 664 680 665 557 773 785 959 436 951 612 449 790 911 518 510 693 785 707 791 688 694 764 832 712 479 849 1039 529 520 795 634 637 1003 878 682 705 939 720 748 748 1114 505 715 761 776 695 627 844 771 843 617 948 953 458 874 784 909 818 868 945 858 474 716 600 780 705 798 611 632 953 745 512 634 713 713 590 853 635 1040 698 830 626 375 768 687 690 958 778 602 611 1099 708 543 513 837 612 761 875 386 745 769 717 545 1030 743 477 720 933 553 868 711 587 790 866 787 783 709 755 778 607 790 615 878 608 636 536 618 880 779 605 741 717 863 949 595 618 870 715 791 844 783 534 735 710 857 788 798 858 462 663 717 925 520 1184 277 696 637 877 469 400 949 705 880 607 554 1188 763 759 700 899 632 938 625 958 625 744 868 718 836 758 756 770 545 815 539 799 583 852 587 609 951 555 880 842 694 546 864 938 842 697 770 553 719 718 768 543 1111 622 757 714 731 1027 699 788 448 551 907 989 635 636 777 547 812 857 602 774 636 792 842 686 867 796 855 771 791 719 1036 558 954 509 615"
Validation1-0-20221207-22:46:27-45538,attr,OpportunisticCellularNetwork.cellular[2],userThroughput:vector,,,,
Validation1-0-20221207-22:46:27-45538,attr,OpportunisticCellularNetwork.cellular[2],userThroughput:vector,recordingmode,vector,,
Validation1-0-20221207-22:46:27-45538,attr,OpportunisticCellularNetwork.cellular[2],userThroughput:vector,source,userThroughputSignal,,
